ID,Question,Answer,UserID,Question,Answer,UserID,Question,Answer,UserID,Question,Answer,UserID,Question,Answer,UserID,Question,Answer,UserID,Question,Answer,UserID,Question,Answer,UserID,Question,Answer,UserID,Question,Answer,UserID,Question,Answer,UserID,Question,Answer,UserID,Question,Answer,UserID,Question,Answer,UserID,Question,Answer,UserID,Question,Answer,UserID,Question,Answer,UserID,Question,Answer,UserID,Question,Answer,UserID,Question,Answer,UserID,Question,Answer,UserID,Question,Answer,UserID,Question,Answer,UserID,Question,Answer,UserID,Question,Answer,UserID,Question,Answer,UserID,Question,Answer,UserID,Question,Answer,UserID,Question,Answer,UserID,Question,Answer,UserID,Question,Answer,UserID,Question,Answer,UserID,Question,Answer,UserID,Question,Answer,UserID,Question,Answer,UserID,Question,Answer,UserID,Question,Answer,UserID,Question,Answer,UserID,Question,Answer,UserID,Question,Answer,UserID,Question,Answer,UserID,Question,Answer,UserID,Question,Answer,UserID,Question,Answer,UserID,Question,Answer,User
1,This is my second question?,test my answer,saw@gmail.com
2,This is my fifth question?,good,saw@gmail.com
3,This is my seveenteen question?,nice,saw@gmail.com
4,This is my fifteen question?,hello,saw@gmail.com
5,This is my eight question?,bye,saw@gmail.com
6,This is my third question?,third answer,saw@gmail.com
7,This is my forteen question?,forteen answer,saw@gmail.com
8,This is my fifteen question?,fifteen answer,saw@gmail.com
9,This is my eight question?,eight answer,saw@gmail.com
10,This is my sixteen question?,sixteen answer,saw@gmail.com
11,This is my third question?,hhh,sawrose@gmail.com
12,This is my twelve question?,hj,sawrose@gmail.com
13,This is my nineteen question?,l,sawrose@gmail.com
14,This is my sixth question?,u,sawrose@gmail.com
15,This is my seventh question?,f,sawrose@gmail.com
16,This is my twelve question?,a,user@gmail.com
17,This is my fifteen question?,b,user@gmail.com
18,This is my fifth question?,c,user@gmail.com
19,This is my eight question?,d,user@gmail.com
20,This is my nine question?,tete,admin@gmail.com
21,This is my eleventh question?,tutlu,admin@gmail.com
22,This is my fifteen question?,kra,admin@gmail.com
23,This is my forth question?,lamo,admin@gmail.com
24,This is my eighteen question?,choto,admin@gmail.com
25,This is my nine question?,jjj,a@gmail.com
26,This is my twenty question?,kkk,a@gmail.com
27,This is my eighteen question?,lll,a@gmail.com
28,This is my tenth question?,mmm,a@gmail.com
29,This is my eight question?,nnn,a@gmail.com
30,This is my eleventh question?,l,lamo@yahoo.com
31,This is my forth question?,m,lamo@yahoo.com
32,This is my seveenteen question?,n,lamo@yahoo.com
33,This is my nine question?,b,lamo@yahoo.com
34,This is my eight question?,v,lamo@yahoo.com
35,This is my nineteen question?,c,lamo@yahoo.com
36,This is my tenth question?,one,sawrosetamang@gmail.com
37,This is my eighteen question?,two,sawrosetamang@gmail.com
38,This is my fifteen question?,three,sawrosetamang@gmail.com
39,This is my twelve question?,,sawrosetamang@gmail.com
40,This is my seveenteen question?,,sawrosetamang@gmail.com
41,This is my eight question?,Eight Answer,user@gmail.com
42,This is my forth question?,Forth Answer,user@gmail.com
43,This is my tenth question?,Tenth Answer,user@gmail.com
44,This is my twelve question?,Twelve Answer,user@gmail.com
45,This is my nine question?,Nine Answer,user@gmail.com